"No.","Time","Delta time","Source","Destination","Protocol","Length","Window size value","Info"
"1298","1.530005","0.000005","10.2.4.2","10.4.14.2","TCP","74","14600","46629 > 50000 [SYN] Seq=0 Win=14600 Len=0 MSS=1460 SACK_PERM=1 TSval=382 TSecr=0 WS=8"
"1306","1.531031","0.000012","10.4.14.2","10.2.4.2","TCP","74","14280","50000 > 46629 [SYN, ACK] Seq=0 Ack=1 Win=14280 Len=0 MSS=1460 SACK_PERM=1 TSval=382 TSecr=382 WS=8"
"1316","1.532147","0.000120","10.2.4.2","10.4.14.2","TCP","74","1825","46629 > 50000 [ACK] Seq=1 Ack=1 Win=14600 Len=0 TSval=382 TSecr=382"
"1317","1.532153","0.000006","10.2.4.2","10.4.14.2","TCP","586","1825","46629 > 50000 [PSH, ACK] Seq=1 Ack=1 Win=14600 Len=512 TSval=382 TSecr=382"
"1753","1.732000","0.055498","10.2.4.2","10.4.14.2","TCP","586","1825","[TCP Retransmission] 46629 > 50000 [PSH, ACK] Seq=1 Ack=1 Win=14600 Len=512 TSval=433 TSecr=382"
"1758","1.733164","0.000403","10.4.14.2","10.2.4.2","TCP","62","1721","50000 > 46629 [ACK] Seq=1 Ack=513 Win=13768 Len=0 TSval=433 TSecr=433"
"1759","1.733164","0.000000","10.2.4.2","10.4.14.2","TCP","586","1825","46629 > 50000 [PSH, ACK] Seq=513 Ack=1 Win=14600 Len=512 TSval=433 TSecr=433"
"1766","1.734407","0.000005","10.4.14.2","10.2.4.2","TCP","62","1657","50000 > 46629 [ACK] Seq=1 Ack=1025 Win=13256 Len=0 TSval=433 TSecr=433"
"1767","1.734407","0.000000","10.2.4.2","10.4.14.2","TCP","586","1825","46629 > 50000 [PSH, ACK] Seq=1025 Ack=1 Win=14600 Len=512 TSval=433 TSecr=433"
"1770","1.735654","0.000005","10.4.14.2","10.2.4.2","TCP","62","1593","50000 > 46629 [ACK] Seq=1 Ack=1537 Win=12744 Len=0 TSval=433 TSecr=433"
"1771","1.735654","0.000000","10.2.4.2","10.4.14.2","TCP","586","1825","46629 > 50000 [PSH, ACK] Seq=1537 Ack=1 Win=14600 Len=512 TSval=433 TSecr=433"
"1780","1.736894","0.000595","10.4.14.2","10.2.4.2","TCP","62","1529","50000 > 46629 [ACK] Seq=1 Ack=2049 Win=12232 Len=0 TSval=434 TSecr=433"
"1781","1.736894","0.000000","10.2.4.2","10.4.14.2","TCP","586","1825","46629 > 50000 [PSH, ACK] Seq=2049 Ack=1 Win=14600 Len=512 TSval=434 TSecr=434"
"1790","1.738157","0.000558","10.4.14.2","10.2.4.2","TCP","62","1465","50000 > 46629 [ACK] Seq=1 Ack=2561 Win=11720 Len=0 TSval=434 TSecr=434"
"1791","1.738157","0.000000","10.2.4.2","10.4.14.2","TCP","586","1825","46629 > 50000 [PSH, ACK] Seq=2561 Ack=1 Win=14600 Len=512 TSval=434 TSecr=434"
"1801","1.739425","0.000005","10.4.14.2","10.2.4.2","TCP","62","1401","50000 > 46629 [ACK] Seq=1 Ack=3073 Win=11208 Len=0 TSval=434 TSecr=434"
"1802","1.739425","0.000000","10.2.4.2","10.4.14.2","TCP","586","1825","46629 > 50000 [PSH, ACK] Seq=3073 Ack=1 Win=14600 Len=512 TSval=434 TSecr=434"
"1810","1.740702","0.000005","10.4.14.2","10.2.4.2","TCP","62","1337","50000 > 46629 [ACK] Seq=1 Ack=3585 Win=10696 Len=0 TSval=435 TSecr=434"
"1811","1.740702","0.000000","10.2.4.2","10.4.14.2","TCP","586","1825","46629 > 50000 [PSH, ACK] Seq=3585 Ack=1 Win=14600 Len=512 TSval=435 TSecr=435"
"1815","1.741975","0.000005","10.4.14.2","10.2.4.2","TCP","62","1273","50000 > 46629 [ACK] Seq=1 Ack=4097 Win=10184 Len=0 TSval=435 TSecr=435"
"1816","1.741975","0.000000","10.2.4.2","10.4.14.2","TCP","586","1825","46629 > 50000 [PSH, ACK] Seq=4097 Ack=1 Win=14600 Len=512 TSval=435 TSecr=435"
"1824","1.743154","0.000772","10.4.14.2","10.2.4.2","TCP","62","1209","50000 > 46629 [ACK] Seq=1 Ack=4609 Win=9672 Len=0 TSval=435 TSecr=435"
"1825","1.743154","0.000000","10.2.4.2","10.4.14.2","TCP","586","1825","46629 > 50000 [PSH, ACK] Seq=4609 Ack=1 Win=14600 Len=512 TSval=435 TSecr=435"
"1834","1.744430","0.000370","10.4.14.2","10.2.4.2","TCP","62","1145","50000 > 46629 [ACK] Seq=1 Ack=5121 Win=9160 Len=0 TSval=435 TSecr=435"
"1835","1.744430","0.000000","10.2.4.2","10.4.14.2","TCP","586","1825","46629 > 50000 [PSH, ACK] Seq=5121 Ack=1 Win=14600 Len=512 TSval=436 TSecr=435"
"1844","1.745590","0.000005","10.4.14.2","10.2.4.2","TCP","62","1081","50000 > 46629 [ACK] Seq=1 Ack=5633 Win=8648 Len=0 TSval=436 TSecr=436"
"1845","1.745590","0.000000","10.2.4.2","10.4.14.2","TCP","586","1825","46629 > 50000 [PSH, ACK] Seq=5633 Ack=1 Win=14600 Len=512 TSval=436 TSecr=436"
"1851","1.746860","0.000005","10.4.14.2","10.2.4.2","TCP","62","1017","50000 > 46629 [ACK] Seq=1 Ack=6145 Win=8136 Len=0 TSval=436 TSecr=436"
"1852","1.746860","0.000000","10.2.4.2","10.4.14.2","TCP","586","1825","46629 > 50000 [PSH, ACK] Seq=6145 Ack=1 Win=14600 Len=512 TSval=436 TSecr=436"
"1859","1.748291","0.000005","10.4.14.2","10.2.4.2","TCP","62","953","50000 > 46629 [ACK] Seq=1 Ack=6657 Win=7624 Len=0 TSval=436 TSecr=436"
"1860","1.748291","0.000000","10.2.4.2","10.4.14.2","TCP","586","1825","46629 > 50000 [PSH, ACK] Seq=6657 Ack=1 Win=14600 Len=512 TSval=437 TSecr=436"
"1889","1.788514","0.000514","10.4.14.2","10.2.4.2","TCP","62","889","50000 > 46629 [ACK] Seq=1 Ack=7169 Win=7112 Len=0 TSval=447 TSecr=437"
"1890","1.788514","0.000000","10.2.4.2","10.4.14.2","TCP","586","1825","46629 > 50000 [PSH, ACK] Seq=7169 Ack=1 Win=14600 Len=512 TSval=447 TSecr=447"
"1894","1.828499","0.000499","10.4.14.2","10.2.4.2","TCP","62","825","50000 > 46629 [ACK] Seq=1 Ack=7681 Win=6600 Len=0 TSval=457 TSecr=447"
"1895","1.828499","0.000000","10.2.4.2","10.4.14.2","TCP","586","1825","46629 > 50000 [PSH, ACK] Seq=7681 Ack=1 Win=14600 Len=512 TSval=457 TSecr=457"
"1898","1.868497","0.000497","10.4.14.2","10.2.4.2","TCP","62","761","50000 > 46629 [ACK] Seq=1 Ack=8193 Win=6088 Len=0 TSval=467 TSecr=457"
"1899","1.868497","0.000000","10.2.4.2","10.4.14.2","TCP","586","1825","46629 > 50000 [PSH, ACK] Seq=8193 Ack=1 Win=14600 Len=512 TSval=467 TSecr=467"
"1902","1.908497","0.000497","10.4.14.2","10.2.4.2","TCP","62","730","50000 > 46629 [ACK] Seq=1 Ack=8705 Win=5840 Len=0 TSval=477 TSecr=467"
"1903","1.908497","0.000000","10.2.4.2","10.4.14.2","TCP","586","1825","46629 > 50000 [PSH, ACK] Seq=8705 Ack=1 Win=14600 Len=512 TSval=477 TSecr=477"
"1906","1.948497","0.000497","10.4.14.2","10.2.4.2","TCP","62","730","50000 > 46629 [ACK] Seq=1 Ack=9217 Win=5840 Len=0 TSval=487 TSecr=477"
"1907","1.948497","0.000000","10.2.4.2","10.4.14.2","TCP","586","1825","46629 > 50000 [PSH, ACK] Seq=9217 Ack=1 Win=14600 Len=512 TSval=487 TSecr=487"
"1910","1.949638","0.000417","10.4.14.2","10.2.4.2","TCP","62","864","50000 > 46629 [ACK] Seq=1 Ack=9729 Win=6912 Len=0 TSval=487 TSecr=487"
"1911","1.949638","0.000000","10.2.4.2","10.4.14.2","TCP","586","1825","46629 > 50000 [PSH, ACK] Seq=9729 Ack=1 Win=14600 Len=512 TSval=487 TSecr=487"
"1914","1.950780","0.000417","10.4.14.2","10.2.4.2","TCP","62","998","50000 > 46629 [ACK] Seq=1 Ack=10241 Win=7984 Len=0 TSval=487 TSecr=487"
"1915","1.950780","0.000000","10.2.4.2","10.4.14.2","TCP","586","1825","46629 > 50000 [PSH, ACK] Seq=10241 Ack=1 Win=14600 Len=512 TSval=487 TSecr=487"
"1918","1.951921","0.000417","10.4.14.2","10.2.4.2","TCP","62","1132","50000 > 46629 [ACK] Seq=1 Ack=10753 Win=9056 Len=0 TSval=487 TSecr=487"
"1919","1.951921","0.000000","10.2.4.2","10.4.14.2","TCP","586","1825","46629 > 50000 [PSH, ACK] Seq=10753 Ack=1 Win=14600 Len=512 TSval=487 TSecr=487"
"1922","1.953063","0.000417","10.4.14.2","10.2.4.2","TCP","62","1266","50000 > 46629 [ACK] Seq=1 Ack=11265 Win=10128 Len=0 TSval=488 TSecr=487"
"1923","1.953063","0.000000","10.2.4.2","10.4.14.2","TCP","586","1825","46629 > 50000 [PSH, ACK] Seq=11265 Ack=1 Win=14600 Len=512 TSval=488 TSecr=488"
"1926","1.954204","0.000413","10.4.14.2","10.2.4.2","TCP","62","1400","50000 > 46629 [ACK] Seq=1 Ack=11777 Win=11200 Len=0 TSval=488 TSecr=488"
"1927","1.954204","0.000000","10.2.4.2","10.4.14.2","TCP","586","1825","46629 > 50000 [PSH, ACK] Seq=11777 Ack=1 Win=14600 Len=512 TSval=488 TSecr=488"
"1930","1.955345","0.000401","10.4.14.2","10.2.4.2","TCP","62","1534","50000 > 46629 [ACK] Seq=1 Ack=12289 Win=12272 Len=0 TSval=488 TSecr=488"
"1931","1.955345","0.000000","10.2.4.2","10.4.14.2","TCP","586","1825","46629 > 50000 [PSH, ACK] Seq=12289 Ack=1 Win=14600 Len=512 TSval=488 TSecr=488"
"1934","1.956487","0.000394","10.4.14.2","10.2.4.2","TCP","62","1668","50000 > 46629 [ACK] Seq=1 Ack=12801 Win=13344 Len=0 TSval=488 TSecr=488"
"1935","1.956487","0.000000","10.2.4.2","10.4.14.2","TCP","586","1825","46629 > 50000 [PSH, ACK] Seq=12801 Ack=1 Win=14600 Len=512 TSval=489 TSecr=488"
"1938","1.957628","0.000394","10.4.14.2","10.2.4.2","TCP","62","1802","50000 > 46629 [ACK] Seq=1 Ack=13313 Win=14416 Len=0 TSval=489 TSecr=489"
"1939","1.957628","0.000000","10.2.4.2","10.4.14.2","TCP","586","1825","46629 > 50000 [PSH, ACK] Seq=13313 Ack=1 Win=14600 Len=512 TSval=489 TSecr=489"
"1942","1.958770","0.000394","10.4.14.2","10.2.4.2","TCP","62","1936","50000 > 46629 [ACK] Seq=1 Ack=13825 Win=15488 Len=0 TSval=489 TSecr=489"
"1943","1.958770","0.000000","10.2.4.2","10.4.14.2","TCP","586","1825","46629 > 50000 [PSH, ACK] Seq=13825 Ack=1 Win=14600 Len=512 TSval=489 TSecr=489"
"1946","1.959911","0.000394","10.4.14.2","10.2.4.2","TCP","62","2070","50000 > 46629 [ACK] Seq=1 Ack=14337 Win=16560 Len=0 TSval=489 TSecr=489"
"1947","1.959911","0.000000","10.2.4.2","10.4.14.2","TCP","586","1825","46629 > 50000 [PSH, ACK] Seq=14337 Ack=1 Win=14600 Len=512 TSval=489 TSecr=489"
"1950","1.961053","0.000395","10.4.14.2","10.2.4.2","TCP","62","2204","50000 > 46629 [ACK] Seq=1 Ack=14849 Win=17632 Len=0 TSval=490 TSecr=489"
"1951","1.961053","0.000000","10.2.4.2","10.4.14.2","TCP","586","1825","46629 > 50000 [PSH, ACK] Seq=14849 Ack=1 Win=14600 Len=512 TSval=490 TSecr=490"
"1954","1.962194","0.000361","10.4.14.2","10.2.4.2","TCP","62","2338","50000 > 46629 [ACK] Seq=1 Ack=15361 Win=18704 Len=0 TSval=490 TSecr=490"
"1955","1.962194","0.000000","10.2.4.2","10.4.14.2","TCP","586","1825","46629 > 50000 [PSH, ACK] Seq=15361 Ack=1 Win=14600 Len=512 TSval=490 TSecr=490"
"1958","1.963337","0.000303","10.4.14.2","10.2.4.2","TCP","62","2472","50000 > 46629 [ACK] Seq=1 Ack=15873 Win=19776 Len=0 TSval=490 TSecr=490"
"1959","1.963337","0.000000","10.2.4.2","10.4.14.2","TCP","586","1825","46629 > 50000 [PSH, ACK] Seq=15873 Ack=1 Win=14600 Len=512 TSval=490 TSecr=490"
"1962","1.964479","0.000196","10.4.14.2","10.2.4.2","TCP","62","2606","50000 > 46629 [ACK] Seq=1 Ack=16385 Win=20848 Len=0 TSval=490 TSecr=490"
"1963","1.964479","0.000000","10.2.4.2","10.4.14.2","TCP","586","1825","46629 > 50000 [PSH, ACK] Seq=16385 Ack=1 Win=14600 Len=512 TSval=491 TSecr=490"
"1966","1.965620","0.000026","10.4.14.2","10.2.4.2","TCP","62","2740","50000 > 46629 [ACK] Seq=1 Ack=16897 Win=21920 Len=0 TSval=491 TSecr=491"
"1967","1.965620","0.000000","10.2.4.2","10.4.14.2","TCP","586","1825","46629 > 50000 [PSH, ACK] Seq=16897 Ack=1 Win=14600 Len=512 TSval=491 TSecr=491"
"1968","1.966774","0.001154","10.4.14.2","10.2.4.2","TCP","62","2874","50000 > 46629 [ACK] Seq=1 Ack=17409 Win=22992 Len=0 TSval=491 TSecr=491"
"1969","1.966774","0.000000","10.2.4.2","10.4.14.2","TCP","586","1825","46629 > 50000 [PSH, ACK] Seq=17409 Ack=1 Win=14600 Len=512 TSval=491 TSecr=491"
"1972","1.967915","0.000950","10.4.14.2","10.2.4.2","TCP","62","3008","50000 > 46629 [ACK] Seq=1 Ack=17921 Win=24064 Len=0 TSval=491 TSecr=491"
"1973","1.967915","0.000000","10.2.4.2","10.4.14.2","TCP","586","1825","46629 > 50000 [PSH, ACK] Seq=17921 Ack=1 Win=14600 Len=512 TSval=491 TSecr=491"
"1976","1.969057","0.000951","10.4.14.2","10.2.4.2","TCP","62","3142","50000 > 46629 [ACK] Seq=1 Ack=18433 Win=25136 Len=0 TSval=492 TSecr=491"
"1977","1.969057","0.000000","10.2.4.2","10.4.14.2","TCP","586","1825","46629 > 50000 [PSH, ACK] Seq=18433 Ack=1 Win=14600 Len=512 TSval=492 TSecr=492"
"1980","1.970198","0.000866","10.4.14.2","10.2.4.2","TCP","62","3276","50000 > 46629 [ACK] Seq=1 Ack=18945 Win=26208 Len=0 TSval=492 TSecr=492"
"1981","1.970198","0.000000","10.2.4.2","10.4.14.2","TCP","586","1825","46629 > 50000 [PSH, ACK] Seq=18945 Ack=1 Win=14600 Len=512 TSval=492 TSecr=492"
"1984","1.971340","0.000817","10.4.14.2","10.2.4.2","TCP","62","3410","50000 > 46629 [ACK] Seq=1 Ack=19457 Win=27280 Len=0 TSval=492 TSecr=492"
"1985","1.971340","0.000000","10.2.4.2","10.4.14.2","TCP","586","1825","46629 > 50000 [PSH, ACK] Seq=19457 Ack=1 Win=14600 Len=512 TSval=492 TSecr=492"
"1988","1.972481","0.000795","10.4.14.2","10.2.4.2","TCP","62","3544","50000 > 46629 [ACK] Seq=1 Ack=19969 Win=28352 Len=0 TSval=492 TSecr=492"
"1989","1.972481","0.000000","10.2.4.2","10.4.14.2","TCP","586","1825","46629 > 50000 [PSH, ACK] Seq=19969 Ack=1 Win=14600 Len=512 TSval=493 TSecr=492"
"1992","1.973622","0.000795","10.4.14.2","10.2.4.2","TCP","62","3678","50000 > 46629 [ACK] Seq=1 Ack=20481 Win=29424 Len=0 TSval=493 TSecr=493"
"1993","1.973622","0.000000","10.2.4.2","10.4.14.2","TCP","586","1825","46629 > 50000 [PSH, ACK] Seq=20481 Ack=1 Win=14600 Len=512 TSval=493 TSecr=493"
"1996","1.974764","0.000730","10.4.14.2","10.2.4.2","TCP","62","3812","50000 > 46629 [ACK] Seq=1 Ack=20993 Win=30496 Len=0 TSval=493 TSecr=493"
"1997","1.974764","0.000000","10.2.4.2","10.4.14.2","TCP","586","1825","46629 > 50000 [PSH, ACK] Seq=20993 Ack=1 Win=14600 Len=512 TSval=493 TSecr=493"
"2000","1.975928","0.000669","10.4.14.2","10.2.4.2","TCP","62","3946","50000 > 46629 [ACK] Seq=1 Ack=21505 Win=31568 Len=0 TSval=493 TSecr=493"
"2001","1.975928","0.000000","10.2.4.2","10.4.14.2","TCP","586","1825","46629 > 50000 [PSH, ACK] Seq=21505 Ack=1 Win=14600 Len=512 TSval=493 TSecr=493"
"2004","1.977080","0.000570","10.4.14.2","10.2.4.2","TCP","62","4080","50000 > 46629 [ACK] Seq=1 Ack=22017 Win=32640 Len=0 TSval=494 TSecr=493"
"2005","1.977080","0.000000","10.2.4.2","10.4.14.2","TCP","586","1825","46629 > 50000 [PSH, ACK] Seq=22017 Ack=1 Win=14600 Len=512 TSval=494 TSecr=494"
"2008","1.978256","0.000605","10.4.14.2","10.2.4.2","TCP","62","4214","50000 > 46629 [ACK] Seq=1 Ack=22529 Win=33712 Len=0 TSval=494 TSecr=494"
"2009","1.978256","0.000000","10.2.4.2","10.4.14.2","TCP","586","1825","46629 > 50000 [PSH, ACK] Seq=22529 Ack=1 Win=14600 Len=512 TSval=494 TSecr=494"
"2012","1.979410","0.000617","10.4.14.2","10.2.4.2","TCP","62","4348","50000 > 46629 [ACK] Seq=1 Ack=23041 Win=34784 Len=0 TSval=494 TSecr=494"
"2013","1.979410","0.000000","10.2.4.2","10.4.14.2","TCP","586","1825","46629 > 50000 [PSH, ACK] Seq=23041 Ack=1 Win=14600 Len=512 TSval=494 TSecr=494"
"2016","1.980551","0.000563","10.4.14.2","10.2.4.2","TCP","62","4482","50000 > 46629 [ACK] Seq=1 Ack=23553 Win=35856 Len=0 TSval=495 TSecr=494"
"2017","1.980551","0.000000","10.2.4.2","10.4.14.2","TCP","586","1825","46629 > 50000 [PSH, ACK] Seq=23553 Ack=1 Win=14600 Len=512 TSval=495 TSecr=495"
"2020","1.981708","0.000530","10.4.14.2","10.2.4.2","TCP","62","4616","50000 > 46629 [ACK] Seq=1 Ack=24065 Win=36928 Len=0 TSval=495 TSecr=495"
"2021","1.981708","0.000000","10.2.4.2","10.4.14.2","TCP","586","1825","46629 > 50000 [PSH, ACK] Seq=24065 Ack=1 Win=14600 Len=512 TSval=495 TSecr=495"
"2024","1.982850","0.000519","10.4.14.2","10.2.4.2","TCP","62","4750","50000 > 46629 [ACK] Seq=1 Ack=24577 Win=38000 Len=0 TSval=495 TSecr=495"
"2025","1.982850","0.000000","10.2.4.2","10.4.14.2","TCP","586","1825","46629 > 50000 [PSH, ACK] Seq=24577 Ack=1 Win=14600 Len=512 TSval=495 TSecr=495"
"2028","1.983991","0.000518","10.4.14.2","10.2.4.2","TCP","62","4884","50000 > 46629 [ACK] Seq=1 Ack=25089 Win=39072 Len=0 TSval=495 TSecr=495"
"2029","1.983991","0.000000","10.2.4.2","10.4.14.2","TCP","586","1825","46629 > 50000 [PSH, ACK] Seq=25089 Ack=1 Win=14600 Len=512 TSval=495 TSecr=495"
"2032","1.985133","0.000516","10.4.14.2","10.2.4.2","TCP","62","5018","50000 > 46629 [ACK] Seq=1 Ack=25601 Win=40144 Len=0 TSval=496 TSecr=495"
"2033","1.985133","0.000000","10.2.4.2","10.4.14.2","TCP","586","1825","46629 > 50000 [PSH, ACK] Seq=25601 Ack=1 Win=14600 Len=512 TSval=496 TSecr=496"
"2036","1.986279","0.000521","10.4.14.2","10.2.4.2","TCP","62","5152","50000 > 46629 [ACK] Seq=1 Ack=26113 Win=41216 Len=0 TSval=496 TSecr=496"
"2037","1.986279","0.000000","10.2.4.2","10.4.14.2","TCP","586","1825","46629 > 50000 [PSH, ACK] Seq=26113 Ack=1 Win=14600 Len=512 TSval=496 TSecr=496"
"2040","1.987421","0.000449","10.4.14.2","10.2.4.2","TCP","62","5286","50000 > 46629 [ACK] Seq=1 Ack=26625 Win=42288 Len=0 TSval=496 TSecr=496"
"2041","1.987421","0.000000","10.2.4.2","10.4.14.2","TCP","586","1825","46629 > 50000 [PSH, ACK] Seq=26625 Ack=1 Win=14600 Len=512 TSval=496 TSecr=496"
"2044","1.988562","0.000339","10.4.14.2","10.2.4.2","TCP","62","5420","50000 > 46629 [ACK] Seq=1 Ack=27137 Win=43360 Len=0 TSval=497 TSecr=496"
"2045","1.988562","0.000000","10.2.4.2","10.4.14.2","TCP","586","1825","46629 > 50000 [PSH, ACK] Seq=27137 Ack=1 Win=14600 Len=512 TSval=497 TSecr=497"
"2048","1.989704","0.000295","10.4.14.2","10.2.4.2","TCP","62","5554","50000 > 46629 [ACK] Seq=1 Ack=27649 Win=44432 Len=0 TSval=497 TSecr=497"
"2049","1.989704","0.000000","10.2.4.2","10.4.14.2","TCP","586","1825","46629 > 50000 [PSH, ACK] Seq=27649 Ack=1 Win=14600 Len=512 TSval=497 TSecr=497"
"2052","1.990845","0.000269","10.4.14.2","10.2.4.2","TCP","62","5688","50000 > 46629 [ACK] Seq=1 Ack=28161 Win=45504 Len=0 TSval=497 TSecr=497"
"2053","1.990845","0.000000","10.2.4.2","10.4.14.2","TCP","586","1825","46629 > 50000 [PSH, ACK] Seq=28161 Ack=1 Win=14600 Len=512 TSval=497 TSecr=497"
"2056","1.991991","0.000239","10.4.14.2","10.2.4.2","TCP","62","5822","50000 > 46629 [ACK] Seq=1 Ack=28673 Win=46576 Len=0 TSval=497 TSecr=497"
"2057","1.991991","0.000000","10.2.4.2","10.4.14.2","TCP","586","1825","46629 > 50000 [PSH, ACK] Seq=28673 Ack=1 Win=14600 Len=512 TSval=497 TSecr=497"
"2060","1.993144","0.000167","10.4.14.2","10.2.4.2","TCP","62","5956","50000 > 46629 [ACK] Seq=1 Ack=29185 Win=47648 Len=0 TSval=498 TSecr=497"
"2061","1.993144","0.000000","10.2.4.2","10.4.14.2","TCP","586","1825","46629 > 50000 [PSH, ACK] Seq=29185 Ack=1 Win=14600 Len=512 TSval=498 TSecr=498"
"2064","1.994285","0.000163","10.4.14.2","10.2.4.2","TCP","62","6090","50000 > 46629 [ACK] Seq=1 Ack=29697 Win=48720 Len=0 TSval=498 TSecr=498"
"2065","1.994285","0.000000","10.2.4.2","10.4.14.2","TCP","586","1825","46629 > 50000 [PSH, ACK] Seq=29697 Ack=1 Win=14600 Len=512 TSval=498 TSecr=498"
"2068","1.995427","0.000163","10.4.14.2","10.2.4.2","TCP","62","6224","50000 > 46629 [ACK] Seq=1 Ack=30209 Win=49792 Len=0 TSval=498 TSecr=498"
"2069","1.995427","0.000000","10.2.4.2","10.4.14.2","TCP","586","1825","46629 > 50000 [PSH, ACK] Seq=30209 Ack=1 Win=14600 Len=512 TSval=498 TSecr=498"
"2072","1.996568","0.000162","10.4.14.2","10.2.4.2","TCP","62","6358","50000 > 46629 [ACK] Seq=1 Ack=30721 Win=50864 Len=0 TSval=499 TSecr=498"
"2073","1.996568","0.000000","10.2.4.2","10.4.14.2","TCP","586","1825","46629 > 50000 [PSH, ACK] Seq=30721 Ack=1 Win=14600 Len=512 TSval=499 TSecr=499"
"2076","1.997710","0.000130","10.4.14.2","10.2.4.2","TCP","62","6492","50000 > 46629 [ACK] Seq=1 Ack=31233 Win=51936 Len=0 TSval=499 TSecr=499"
"2077","1.997710","0.000000","10.2.4.2","10.4.14.2","TCP","586","1825","46629 > 50000 [PSH, ACK] Seq=31233 Ack=1 Win=14600 Len=512 TSval=499 TSecr=499"
"2080","1.998851","0.000020","10.4.14.2","10.2.4.2","TCP","62","6626","50000 > 46629 [ACK] Seq=1 Ack=31745 Win=53008 Len=0 TSval=499 TSecr=499"
"2081","1.998851","0.000000","10.2.4.2","10.4.14.2","TCP","586","1825","46629 > 50000 [PSH, ACK] Seq=31745 Ack=1 Win=14600 Len=512 TSval=499 TSecr=499"
"2084","2.000040","0.000004","10.4.14.2","10.2.4.2","TCP","62","6760","50000 > 46629 [ACK] Seq=1 Ack=32257 Win=54080 Len=0 TSval=499 TSecr=499"
"2085","2.000040","0.000000","10.2.4.2","10.4.14.2","TCP","586","1825","46629 > 50000 [PSH, ACK] Seq=32257 Ack=1 Win=14600 Len=512 TSval=500 TSecr=499"
"2086","2.001182","0.001142","10.4.14.2","10.2.4.2","TCP","62","6894","50000 > 46629 [ACK] Seq=1 Ack=32769 Win=55152 Len=0 TSval=500 TSecr=500"
"2087","2.001182","0.000000","10.2.4.2","10.4.14.2","TCP","586","1825","46629 > 50000 [PSH, ACK] Seq=32769 Ack=1 Win=14600 Len=512 TSval=500 TSecr=500"
"2090","2.002323","0.001031","10.4.14.2","10.2.4.2","TCP","62","7028","50000 > 46629 [ACK] Seq=1 Ack=33281 Win=56224 Len=0 TSval=500 TSecr=500"
"2091","2.002323","0.000000","10.2.4.2","10.4.14.2","TCP","586","1825","46629 > 50000 [PSH, ACK] Seq=33281 Ack=1 Win=14600 Len=512 TSval=500 TSecr=500"
"2094","2.003465","0.000958","10.4.14.2","10.2.4.2","TCP","62","7162","50000 > 46629 [ACK] Seq=1 Ack=33793 Win=57296 Len=0 TSval=500 TSecr=500"
"2095","2.003465","0.000000","10.2.4.2","10.4.14.2","TCP","586","1825","46629 > 50000 [PSH, ACK] Seq=33793 Ack=1 Win=14600 Len=512 TSval=500 TSecr=500"
"2098","2.004628","0.000960","10.4.14.2","10.2.4.2","TCP","62","7296","50000 > 46629 [ACK] Seq=1 Ack=34305 Win=58368 Len=0 TSval=501 TSecr=500"
"2099","2.004628","0.000000","10.2.4.2","10.4.14.2","TCP","586","1825","46629 > 50000 [PSH, ACK] Seq=34305 Ack=1 Win=14600 Len=512 TSval=501 TSecr=501"
"2102","2.005770","0.000914","10.4.14.2","10.2.4.2","TCP","62","7430","50000 > 46629 [ACK] Seq=1 Ack=34817 Win=59440 Len=0 TSval=501 TSecr=501"
"2103","2.005770","0.000000","10.2.4.2","10.4.14.2","TCP","586","1825","46629 > 50000 [PSH, ACK] Seq=34817 Ack=1 Win=14600 Len=512 TSval=501 TSecr=501"
"2106","2.006911","0.000909","10.4.14.2","10.2.4.2","TCP","62","7564","50000 > 46629 [ACK] Seq=1 Ack=35329 Win=60512 Len=0 TSval=501 TSecr=501"
"2107","2.006911","0.000000","10.2.4.2","10.4.14.2","TCP","586","1825","46629 > 50000 [PSH, ACK] Seq=35329 Ack=1 Win=14600 Len=512 TSval=501 TSecr=501"
"2110","2.008053","0.000910","10.4.14.2","10.2.4.2","TCP","62","7698","50000 > 46629 [ACK] Seq=1 Ack=35841 Win=61584 Len=0 TSval=501 TSecr=501"
"2111","2.008053","0.000000","10.2.4.2","10.4.14.2","TCP","586","1825","46629 > 50000 [PSH, ACK] Seq=35841 Ack=1 Win=14600 Len=512 TSval=502 TSecr=501"
"2114","2.009194","0.000884","10.4.14.2","10.2.4.2","TCP","62","7832","50000 > 46629 [ACK] Seq=1 Ack=36353 Win=62656 Len=0 TSval=502 TSecr=502"
"2115","2.009194","0.000000","10.2.4.2","10.4.14.2","TCP","586","1825","46629 > 50000 [PSH, ACK] Seq=36353 Ack=1 Win=14600 Len=512 TSval=502 TSecr=502"
"2118","2.010336","0.000884","10.4.14.2","10.2.4.2","TCP","62","7966","50000 > 46629 [ACK] Seq=1 Ack=36865 Win=63728 Len=0 TSval=502 TSecr=502"
"2119","2.010336","0.000000","10.2.4.2","10.4.14.2","TCP","586","1825","46629 > 50000 [PSH, ACK] Seq=36865 Ack=1 Win=14600 Len=512 TSval=502 TSecr=502"
"2122","2.011518","0.000925","10.4.14.2","10.2.4.2","TCP","62","8100","50000 > 46629 [ACK] Seq=1 Ack=37377 Win=64800 Len=0 TSval=502 TSecr=502"
"2123","2.011518","0.000000","10.2.4.2","10.4.14.2","TCP","586","1825","46629 > 50000 [PSH, ACK] Seq=37377 Ack=1 Win=14600 Len=512 TSval=502 TSecr=502"
"2126","2.012669","0.000850","10.4.14.2","10.2.4.2","TCP","62","8234","50000 > 46629 [ACK] Seq=1 Ack=37889 Win=65872 Len=0 TSval=503 TSecr=502"
"2127","2.012669","0.000000","10.2.4.2","10.4.14.2","TCP","586","1825","46629 > 50000 [PSH, ACK] Seq=37889 Ack=1 Win=14600 Len=512 TSval=503 TSecr=503"
"2130","2.013838","0.000817","10.4.14.2","10.2.4.2","TCP","62","8368","50000 > 46629 [ACK] Seq=1 Ack=38401 Win=66944 Len=0 TSval=503 TSecr=503"
"2131","2.013838","0.000000","10.2.4.2","10.4.14.2","TCP","586","1825","46629 > 50000 [PSH, ACK] Seq=38401 Ack=1 Win=14600 Len=512 TSval=503 TSecr=503"
"2134","2.015003","0.000841","10.4.14.2","10.2.4.2","TCP","62","8502","50000 > 46629 [ACK] Seq=1 Ack=38913 Win=68016 Len=0 TSval=503 TSecr=503"
"2135","2.015003","0.000000","10.2.4.2","10.4.14.2","TCP","586","1825","46629 > 50000 [PSH, ACK] Seq=38913 Ack=1 Win=14600 Len=512 TSval=503 TSecr=503"
"2138","2.016184","0.000870","10.4.14.2","10.2.4.2","TCP","62","8636","50000 > 46629 [ACK] Seq=1 Ack=39425 Win=69088 Len=0 TSval=503 TSecr=503"
"2139","2.016184","0.000000","10.2.4.2","10.4.14.2","TCP","586","1825","46629 > 50000 [PSH, ACK] Seq=39425 Ack=1 Win=14600 Len=512 TSval=504 TSecr=503"
"2142","2.017331","0.000774","10.4.14.2","10.2.4.2","TCP","62","8770","50000 > 46629 [ACK] Seq=1 Ack=39937 Win=70160 Len=0 TSval=504 TSecr=504"
"2143","2.017331","0.000000","10.2.4.2","10.4.14.2","TCP","586","1825","46629 > 50000 [PSH, ACK] Seq=39937 Ack=1 Win=14600 Len=512 TSval=504 TSecr=504"
"2146","2.018472","0.000664","10.4.14.2","10.2.4.2","TCP","62","8904","50000 > 46629 [ACK] Seq=1 Ack=40449 Win=71232 Len=0 TSval=504 TSecr=504"
"2147","2.018472","0.000000","10.2.4.2","10.4.14.2","TCP","586","1825","46629 > 50000 [PSH, ACK] Seq=40449 Ack=1 Win=14600 Len=512 TSval=504 TSecr=504"
"2150","2.019634","0.000515","10.4.14.2","10.2.4.2","TCP","62","9038","50000 > 46629 [ACK] Seq=1 Ack=40961 Win=72304 Len=0 TSval=504 TSecr=504"
"2151","2.019634","0.000000","10.2.4.2","10.4.14.2","TCP","586","1825","46629 > 50000 [PSH, ACK] Seq=40961 Ack=1 Win=14600 Len=512 TSval=504 TSecr=504"
"2154","2.020775","0.000345","10.4.14.2","10.2.4.2","TCP","62","9172","50000 > 46629 [ACK] Seq=1 Ack=41473 Win=73376 Len=0 TSval=505 TSecr=504"
"2155","2.020775","0.000000","10.2.4.2","10.4.14.2","TCP","586","1825","46629 > 50000 [PSH, ACK] Seq=41473 Ack=1 Win=14600 Len=512 TSval=505 TSecr=505"
"2158","2.021921","0.000319","10.4.14.2","10.2.4.2","TCP","62","9306","50000 > 46629 [ACK] Seq=1 Ack=41985 Win=74448 Len=0 TSval=505 TSecr=505"
"2159","2.021921","0.000000","10.2.4.2","10.4.14.2","TCP","586","1825","46629 > 50000 [PSH, ACK] Seq=41985 Ack=1 Win=14600 Len=512 TSval=505 TSecr=505"
"2162","2.023062","0.000310","10.4.14.2","10.2.4.2","TCP","62","9440","50000 > 46629 [ACK] Seq=1 Ack=42497 Win=75520 Len=0 TSval=505 TSecr=505"
"2163","2.023062","0.000000","10.2.4.2","10.4.14.2","TCP","586","1825","46629 > 50000 [PSH, ACK] Seq=42497 Ack=1 Win=14600 Len=512 TSval=505 TSecr=505"
"2166","2.024204","0.000296","10.4.14.2","10.2.4.2","TCP","62","9574","50000 > 46629 [ACK] Seq=1 Ack=43009 Win=76592 Len=0 TSval=505 TSecr=505"
"2167","2.024204","0.000000","10.2.4.2","10.4.14.2","TCP","586","1825","46629 > 50000 [PSH, ACK] Seq=43009 Ack=1 Win=14600 Len=512 TSval=506 TSecr=505"
"2170","2.025383","0.000242","10.4.14.2","10.2.4.2","TCP","62","9708","50000 > 46629 [ACK] Seq=1 Ack=43521 Win=77664 Len=0 TSval=506 TSecr=506"
"2171","2.025383","0.000000","10.2.4.2","10.4.14.2","TCP","586","1825","46629 > 50000 [PSH, ACK] Seq=43521 Ack=1 Win=14600 Len=512 TSval=506 TSecr=506"
"2174","2.026530","0.000138","10.4.14.2","10.2.4.2","TCP","62","9842","50000 > 46629 [ACK] Seq=1 Ack=44033 Win=78736 Len=0 TSval=506 TSecr=506"
"2175","2.026530","0.000000","10.2.4.2","10.4.14.2","TCP","586","1825","46629 > 50000 [PSH, ACK] Seq=44033 Ack=1 Win=14600 Len=512 TSval=506 TSecr=506"
"2178","2.027674","0.000008","10.4.14.2","10.2.4.2","TCP","62","9976","50000 > 46629 [ACK] Seq=1 Ack=44545 Win=79808 Len=0 TSval=506 TSecr=506"
"2179","2.027674","0.000000","10.2.4.2","10.4.14.2","TCP","586","1825","46629 > 50000 [PSH, ACK] Seq=44545 Ack=1 Win=14600 Len=512 TSval=506 TSecr=506"
"2180","2.028818","0.001144","10.4.14.2","10.2.4.2","TCP","62","10110","50000 > 46629 [ACK] Seq=1 Ack=45057 Win=80880 Len=0 TSval=507 TSecr=506"
"2181","2.028818","0.000000","10.2.4.2","10.4.14.2","TCP","586","1825","46629 > 50000 [PSH, ACK] Seq=45057 Ack=1 Win=14600 Len=512 TSval=507 TSecr=507"
"2184","2.029962","0.000985","10.4.14.2","10.2.4.2","TCP","62","10244","50000 > 46629 [ACK] Seq=1 Ack=45569 Win=81952 Len=0 TSval=507 TSecr=507"
"2185","2.029962","0.000000","10.2.4.2","10.4.14.2","TCP","586","1825","46629 > 50000 [PSH, ACK] Seq=45569 Ack=1 Win=14600 Len=512 TSval=507 TSecr=507"
"2188","2.031104","0.000876","10.4.14.2","10.2.4.2","TCP","62","10378","50000 > 46629 [ACK] Seq=1 Ack=46081 Win=83024 Len=0 TSval=507 TSecr=507"
"2189","2.031104","0.000000","10.2.4.2","10.4.14.2","TCP","586","1825","46629 > 50000 [PSH, ACK] Seq=46081 Ack=1 Win=14600 Len=512 TSval=507 TSecr=507"
"2192","2.032245","0.000796","10.4.14.2","10.2.4.2","TCP","62","10512","50000 > 46629 [ACK] Seq=1 Ack=46593 Win=84096 Len=0 TSval=507 TSecr=507"
"2193","2.032245","0.000000","10.2.4.2","10.4.14.2","TCP","586","1825","46629 > 50000 [PSH, ACK] Seq=46593 Ack=1 Win=14600 Len=512 TSval=508 TSecr=507"
"2196","2.033386","0.000743","10.4.14.2","10.2.4.2","TCP","62","10646","50000 > 46629 [ACK] Seq=1 Ack=47105 Win=85168 Len=0 TSval=508 TSecr=508"
"2197","2.033386","0.000000","10.2.4.2","10.4.14.2","TCP","586","1825","46629 > 50000 [PSH, ACK] Seq=47105 Ack=1 Win=14600 Len=512 TSval=508 TSecr=508"
"2200","2.034528","0.000716","10.4.14.2","10.2.4.2","TCP","62","10780","50000 > 46629 [ACK] Seq=1 Ack=47617 Win=86240 Len=0 TSval=508 TSecr=508"
"2201","2.034528","0.000000","10.2.4.2","10.4.14.2","TCP","586","1825","46629 > 50000 [PSH, ACK] Seq=47617 Ack=1 Win=14600 Len=512 TSval=508 TSecr=508"
"2204","2.035669","0.000709","10.4.14.2","10.2.4.2","TCP","62","10914","50000 > 46629 [ACK] Seq=1 Ack=48129 Win=87312 Len=0 TSval=508 TSecr=508"
"2205","2.035669","0.000000","10.2.4.2","10.4.14.2","TCP","586","1825","46629 > 50000 [PSH, ACK] Seq=48129 Ack=1 Win=14600 Len=512 TSval=508 TSecr=508"
"2208","2.036811","0.000697","10.4.14.2","10.2.4.2","TCP","62","11048","50000 > 46629 [ACK] Seq=1 Ack=48641 Win=88384 Len=0 TSval=509 TSecr=508"
"2209","2.036811","0.000000","10.2.4.2","10.4.14.2","TCP","586","1825","46629 > 50000 [PSH, ACK] Seq=48641 Ack=1 Win=14600 Len=512 TSval=509 TSecr=509"
"2212","2.037952","0.000610","10.4.14.2","10.2.4.2","TCP","62","11182","50000 > 46629 [ACK] Seq=1 Ack=49153 Win=89456 Len=0 TSval=509 TSecr=509"
"2213","2.037952","0.000000","10.2.4.2","10.4.14.2","TCP","586","1825","46629 > 50000 [PSH, ACK] Seq=49153 Ack=1 Win=14600 Len=512 TSval=509 TSecr=509"
"2216","2.039095","0.000611","10.4.14.2","10.2.4.2","TCP","62","11316","50000 > 46629 [ACK] Seq=1 Ack=49665 Win=90528 Len=0 TSval=509 TSecr=509"
"2217","2.039095","0.000000","10.2.4.2","10.4.14.2","TCP","586","1825","46629 > 50000 [PSH, ACK] Seq=49665 Ack=1 Win=14600 Len=512 TSval=509 TSecr=509"
"2220","2.040241","0.000616","10.4.14.2","10.2.4.2","TCP","62","11450","50000 > 46629 [ACK] Seq=1 Ack=50177 Win=91600 Len=0 TSval=509 TSecr=509"
"2221","2.040241","0.000000","10.2.4.2","10.4.14.2","TCP","586","1825","46629 > 50000 [PSH, ACK] Seq=50177 Ack=1 Win=14600 Len=512 TSval=510 TSecr=509"
"2224","2.041388","0.000564","10.4.14.2","10.2.4.2","TCP","62","11584","50000 > 46629 [ACK] Seq=1 Ack=50689 Win=92672 Len=0 TSval=510 TSecr=510"
"2225","2.041388","0.000000","10.2.4.2","10.4.14.2","TCP","586","1825","46629 > 50000 [PSH, ACK] Seq=50689 Ack=1 Win=14600 Len=512 TSval=510 TSecr=510"
"2228","2.042544","0.000466","10.4.14.2","10.2.4.2","TCP","62","11718","50000 > 46629 [ACK] Seq=1 Ack=51201 Win=93744 Len=0 TSval=510 TSecr=510"
"2229","2.042544","0.000000","10.2.4.2","10.4.14.2","TCP","586","1825","46629 > 50000 [PSH, ACK] Seq=51201 Ack=1 Win=14600 Len=512 TSval=510 TSecr=510"
"2232","2.043705","0.000485","10.4.14.2","10.2.4.2","TCP","62","11852","50000 > 46629 [ACK] Seq=1 Ack=51713 Win=94816 Len=0 TSval=510 TSecr=510"
"2233","2.043705","0.000000","10.2.4.2","10.4.14.2","TCP","586","1825","46629 > 50000 [PSH, ACK] Seq=51713 Ack=1 Win=14600 Len=512 TSval=510 TSecr=510"
"2236","2.044866","0.000437","10.4.14.2","10.2.4.2","TCP","62","11986","50000 > 46629 [ACK] Seq=1 Ack=52225 Win=95888 Len=0 TSval=511 TSecr=510"
"2237","2.044866","0.000000","10.2.4.2","10.4.14.2","TCP","586","1825","46629 > 50000 [PSH, ACK] Seq=52225 Ack=1 Win=14600 Len=512 TSval=511 TSecr=511"
"2240","2.046017","0.000363","10.4.14.2","10.2.4.2","TCP","62","12120","50000 > 46629 [ACK] Seq=1 Ack=52737 Win=96960 Len=0 TSval=511 TSecr=511"
"2241","2.046017","0.000000","10.2.4.2","10.4.14.2","TCP","586","1825","46629 > 50000 [PSH, ACK] Seq=52737 Ack=1 Win=14600 Len=512 TSval=511 TSecr=511"
"2244","2.047185","0.000280","10.4.14.2","10.2.4.2","TCP","62","12254","50000 > 46629 [ACK] Seq=1 Ack=53249 Win=98032 Len=0 TSval=511 TSecr=511"
"2245","2.047185","0.000000","10.2.4.2","10.4.14.2","TCP","586","1825","46629 > 50000 [PSH, ACK] Seq=53249 Ack=1 Win=14600 Len=512 TSval=511 TSecr=511"
"2248","2.048326","0.000170","10.4.14.2","10.2.4.2","TCP","62","12388","50000 > 46629 [ACK] Seq=1 Ack=53761 Win=99104 Len=0 TSval=511 TSecr=511"
"2249","2.048326","0.000000","10.2.4.2","10.4.14.2","TCP","586","1825","46629 > 50000 [PSH, ACK] Seq=53761 Ack=1 Win=14600 Len=512 TSval=512 TSecr=511"
"2252","2.049468","0.000089","10.4.14.2","10.2.4.2","TCP","62","12522","50000 > 46629 [ACK] Seq=1 Ack=54273 Win=100176 Len=0 TSval=512 TSecr=512"
"2253","2.049468","0.000000","10.2.4.2","10.4.14.2","TCP","586","1825","46629 > 50000 [PSH, ACK] Seq=54273 Ack=1 Win=14600 Len=512 TSval=512 TSecr=512"
"2256","2.050635","0.000005","10.4.14.2","10.2.4.2","TCP","62","12656","50000 > 46629 [ACK] Seq=1 Ack=54785 Win=101248 Len=0 TSval=512 TSecr=512"
"2257","2.050635","0.000000","10.2.4.2","10.4.14.2","TCP","586","1825","46629 > 50000 [PSH, ACK] Seq=54785 Ack=1 Win=14600 Len=512 TSval=512 TSecr=512"
"2260","2.051776","0.000005","10.4.14.2","10.2.4.2","TCP","62","12790","50000 > 46629 [ACK] Seq=1 Ack=55297 Win=102320 Len=0 TSval=512 TSecr=512"
"2261","2.051776","0.000000","10.2.4.2","10.4.14.2","TCP","586","1825","46629 > 50000 [PSH, ACK] Seq=55297 Ack=1 Win=14600 Len=512 TSval=512 TSecr=512"
"2264","2.052968","0.000005","10.4.14.2","10.2.4.2","TCP","62","12924","50000 > 46629 [ACK] Seq=1 Ack=55809 Win=103392 Len=0 TSval=513 TSecr=512"
"2265","2.052968","0.000000","10.2.4.2","10.4.14.2","TCP","586","1825","46629 > 50000 [PSH, ACK] Seq=55809 Ack=1 Win=14600 Len=512 TSval=513 TSecr=513"
"2268","2.054133","0.000005","10.4.14.2","10.2.4.2","TCP","62","13058","50000 > 46629 [ACK] Seq=1 Ack=56321 Win=104464 Len=0 TSval=513 TSecr=513"
"2269","2.054133","0.000000","10.2.4.2","10.4.14.2","TCP","586","1825","46629 > 50000 [PSH, ACK] Seq=56321 Ack=1 Win=14600 Len=512 TSval=513 TSecr=513"
"2272","2.055295","0.000026","10.4.14.2","10.2.4.2","TCP","62","13192","50000 > 46629 [ACK] Seq=1 Ack=56833 Win=105536 Len=0 TSval=513 TSecr=513"
"2273","2.055295","0.000000","10.2.4.2","10.4.14.2","TCP","586","1825","46629 > 50000 [PSH, ACK] Seq=56833 Ack=1 Win=14600 Len=512 TSval=513 TSecr=513"
"2276","2.056460","0.000005","10.4.14.2","10.2.4.2","TCP","62","13326","50000 > 46629 [ACK] Seq=1 Ack=57345 Win=106608 Len=0 TSval=513 TSecr=513"
"2277","2.056460","0.000000","10.2.4.2","10.4.14.2","TCP","586","1825","46629 > 50000 [PSH, ACK] Seq=57345 Ack=1 Win=14600 Len=512 TSval=514 TSecr=513"
"2280","2.057661","0.000005","10.4.14.2","10.2.4.2","TCP","62","13460","50000 > 46629 [ACK] Seq=1 Ack=57857 Win=107680 Len=0 TSval=514 TSecr=514"
"2281","2.057661","0.000000","10.2.4.2","10.4.14.2","TCP","586","1825","46629 > 50000 [PSH, ACK] Seq=57857 Ack=1 Win=14600 Len=512 TSval=514 TSecr=514"
"2284","2.058803","0.000005","10.4.14.2","10.2.4.2","TCP","62","13594","50000 > 46629 [ACK] Seq=1 Ack=58369 Win=108752 Len=0 TSval=514 TSecr=514"
"2285","2.058803","0.000000","10.2.4.2","10.4.14.2","TCP","586","1825","46629 > 50000 [PSH, ACK] Seq=58369 Ack=1 Win=14600 Len=512 TSval=514 TSecr=514"
"2288","2.059944","0.000005","10.4.14.2","10.2.4.2","TCP","62","13728","50000 > 46629 [ACK] Seq=1 Ack=58881 Win=109824 Len=0 TSval=514 TSecr=514"
"2289","2.059944","0.000000","10.2.4.2","10.4.14.2","TCP","586","1825","46629 > 50000 [PSH, ACK] Seq=58881 Ack=1 Win=14600 Len=512 TSval=514 TSecr=514"
"2292","2.061086","0.000005","10.4.14.2","10.2.4.2","TCP","62","13862","50000 > 46629 [ACK] Seq=1 Ack=59393 Win=110896 Len=0 TSval=515 TSecr=514"
"2293","2.061086","0.000000","10.2.4.2","10.4.14.2","TCP","586","1825","46629 > 50000 [PSH, ACK] Seq=59393 Ack=1 Win=14600 Len=512 TSval=515 TSecr=515"
"2296","2.062227","0.000005","10.4.14.2","10.2.4.2","TCP","62","13996","50000 > 46629 [ACK] Seq=1 Ack=59905 Win=111968 Len=0 TSval=515 TSecr=515"
"2297","2.062227","0.000000","10.2.4.2","10.4.14.2","TCP","586","1825","46629 > 50000 [PSH, ACK] Seq=59905 Ack=1 Win=14600 Len=512 TSval=515 TSecr=515"
"2300","2.063419","0.000005","10.4.14.2","10.2.4.2","TCP","62","14130","50000 > 46629 [ACK] Seq=1 Ack=60417 Win=113040 Len=0 TSval=515 TSecr=515"
"2301","2.063419","0.000000","10.2.4.2","10.4.14.2","TCP","586","1825","46629 > 50000 [PSH, ACK] Seq=60417 Ack=1 Win=14600 Len=512 TSval=515 TSecr=515"
"2304","2.064621","0.000005","10.4.14.2","10.2.4.2","TCP","62","14264","50000 > 46629 [ACK] Seq=1 Ack=60929 Win=114112 Len=0 TSval=516 TSecr=515"
"2305","2.064621","0.000000","10.2.4.2","10.4.14.2","TCP","586","1825","46629 > 50000 [PSH, ACK] Seq=60929 Ack=1 Win=14600 Len=512 TSval=516 TSecr=516"
"2308","2.065796","0.000005","10.4.14.2","10.2.4.2","TCP","62","14398","50000 > 46629 [ACK] Seq=1 Ack=61441 Win=115184 Len=0 TSval=516 TSecr=516"
"2309","2.065796","0.000000","10.2.4.2","10.4.14.2","TCP","586","1825","46629 > 50000 [PSH, ACK] Seq=61441 Ack=1 Win=14600 Len=512 TSval=516 TSecr=516"
"2312","2.066948","0.000005","10.4.14.2","10.2.4.2","TCP","62","14532","50000 > 46629 [ACK] Seq=1 Ack=61953 Win=116256 Len=0 TSval=516 TSecr=516"
"2313","2.066948","0.000000","10.2.4.2","10.4.14.2","TCP","586","1825","46629 > 50000 [PSH, ACK] Seq=61953 Ack=1 Win=14600 Len=512 TSval=516 TSecr=516"
"2316","2.068101","0.000005","10.4.14.2","10.2.4.2","TCP","62","14666","50000 > 46629 [ACK] Seq=1 Ack=62465 Win=117328 Len=0 TSval=516 TSecr=516"
"2317","2.068101","0.000000","10.2.4.2","10.4.14.2","TCP","586","1825","46629 > 50000 [PSH, ACK] Seq=62465 Ack=1 Win=14600 Len=512 TSval=517 TSecr=516"
"2318","2.069242","0.001141","10.4.14.2","10.2.4.2","TCP","62","14800","50000 > 46629 [ACK] Seq=1 Ack=62977 Win=118400 Len=0 TSval=517 TSecr=517"
"2319","2.069242","0.000000","10.2.4.2","10.4.14.2","TCP","586","1825","46629 > 50000 [PSH, ACK] Seq=62977 Ack=1 Win=14600 Len=512 TSval=517 TSecr=517"
"2322","2.070383","0.001055","10.4.14.2","10.2.4.2","TCP","62","14934","50000 > 46629 [ACK] Seq=1 Ack=63489 Win=119472 Len=0 TSval=517 TSecr=517"
"2323","2.070383","0.000000","10.2.4.2","10.4.14.2","TCP","586","1825","46629 > 50000 [PSH, ACK] Seq=63489 Ack=1 Win=14600 Len=512 TSval=517 TSecr=517"
"2326","2.071525","0.001056","10.4.14.2","10.2.4.2","TCP","62","15068","50000 > 46629 [ACK] Seq=1 Ack=64001 Win=120544 Len=0 TSval=517 TSecr=517"
"2327","2.071525","0.000000","10.2.4.2","10.4.14.2","TCP","586","1825","46629 > 50000 [PSH, ACK] Seq=64001 Ack=1 Win=14600 Len=512 TSval=517 TSecr=517"
"2330","2.072666","0.001055","10.4.14.2","10.2.4.2","TCP","62","15202","50000 > 46629 [ACK] Seq=1 Ack=64513 Win=121616 Len=0 TSval=518 TSecr=517"
"2331","2.072666","0.000000","10.2.4.2","10.4.14.2","TCP","586","1825","46629 > 50000 [PSH, ACK] Seq=64513 Ack=1 Win=14600 Len=512 TSval=518 TSecr=518"
"2334","2.073808","0.000948","10.4.14.2","10.2.4.2","TCP","62","15336","50000 > 46629 [ACK] Seq=1 Ack=65025 Win=122688 Len=0 TSval=518 TSecr=518"
"2335","2.073808","0.000000","10.2.4.2","10.4.14.2","TCP","586","1825","46629 > 50000 [PSH, ACK] Seq=65025 Ack=1 Win=14600 Len=512 TSval=518 TSecr=518"
"2338","2.074949","0.000838","10.4.14.2","10.2.4.2","TCP","62","15470","50000 > 46629 [ACK] Seq=1 Ack=65537 Win=123760 Len=0 TSval=518 TSecr=518"
"2339","2.074949","0.000000","10.2.4.2","10.4.14.2","TCP","586","1825","46629 > 50000 [PSH, ACK] Seq=65537 Ack=1 Win=14600 Len=512 TSval=518 TSecr=518"
"2342","2.076098","0.000782","10.4.14.2","10.2.4.2","TCP","62","15604","50000 > 46629 [ACK] Seq=1 Ack=66049 Win=124832 Len=0 TSval=518 TSecr=518"
"2343","2.076098","0.000000","10.2.4.2","10.4.14.2","TCP","586","1825","46629 > 50000 [PSH, ACK] Seq=66049 Ack=1 Win=14600 Len=512 TSval=519 TSecr=518"
"2346","2.077245","0.000728","10.4.14.2","10.2.4.2","TCP","62","15738","50000 > 46629 [ACK] Seq=1 Ack=66561 Win=125904 Len=0 TSval=519 TSecr=519"
"2347","2.077245","0.000000","10.2.4.2","10.4.14.2","TCP","586","1825","46629 > 50000 [PSH, ACK] Seq=66561 Ack=1 Win=14600 Len=512 TSval=519 TSecr=519"
"2350","2.078413","0.000689","10.4.14.2","10.2.4.2","TCP","62","15872","50000 > 46629 [ACK] Seq=1 Ack=67073 Win=126976 Len=0 TSval=519 TSecr=519"
"2351","2.078413","0.000000","10.2.4.2","10.4.14.2","TCP","586","1825","46629 > 50000 [PSH, ACK] Seq=67073 Ack=1 Win=14600 Len=512 TSval=519 TSecr=519"
"2354","2.079559","0.000691","10.4.14.2","10.2.4.2","TCP","62","16006","50000 > 46629 [ACK] Seq=1 Ack=67585 Win=128048 Len=0 TSval=519 TSecr=519"
"2355","2.079559","0.000000","10.2.4.2","10.4.14.2","TCP","586","1825","46629 > 50000 [PSH, ACK] Seq=67585 Ack=1 Win=14600 Len=512 TSval=519 TSecr=519"
"2358","2.080701","0.000653","10.4.14.2","10.2.4.2","TCP","62","16140","50000 > 46629 [ACK] Seq=1 Ack=68097 Win=129120 Len=0 TSval=520 TSecr=519"
"2359","2.080701","0.000000","10.2.4.2","10.4.14.2","TCP","476","1825","46629 > 50000 [PSH, ACK] Seq=68097 Ack=1 Win=14600 Len=402 TSval=520 TSecr=520"
"2360","2.080739","0.000038","10.2.4.2","10.4.14.2","TCP","74","1825","[TCP Dup ACK 2359#1] 46629 > 50000 [ACK] Seq=68499 Ack=1 Win=14600 Len=0 TSval=520 TSecr=520"
"2363","2.081834","0.000584","10.4.14.2","10.2.4.2","TCP","62","16274","50000 > 46629 [ACK] Seq=1 Ack=68499 Win=130192 Len=0 TSval=520 TSecr=520"
"2373","2.120497","0.034631","10.4.14.2","10.2.4.2","TCP","62","16274","[TCP Dup ACK 2363#1] 50000 > 46629 [ACK] Seq=1 Ack=68499 Win=130192 Len=0 TSval=530 TSecr=520"
"2374","2.120497","0.000000","10.2.4.2","10.4.14.2","TCP","62","1825","46629 > 50000 [FIN, ACK] Seq=68499 Ack=1 Win=14600 Len=0 TSval=530 TSecr=530"
"2663","2.162643","0.000034","10.4.14.2","10.2.4.2","TCP","62","16274","50000 > 46629 [ACK] Seq=1 Ack=68500 Win=130192 Len=0 TSval=540 TSecr=530"
